-- Food stands
INSERT INTO food_stands (id, name, description, telephone, available) VALUES
  (1, 'LA K-FE', 'Cafetería LA K-FE', NULL, 1),
  (2, 'EL PUNTO', 'Cafetería EL PUNTO', NULL, 1),
  (3, 'LIMONETA', 'Cafetería LIMONETA', NULL, 1),
  (4, 'Rico Robles', 'Cafetería Rico Robles', NULL, 1);

-- Payment methods
INSERT INTO payment_methods (id, method) VALUES
  (1, 'Efectivo'),
  (2, 'Tarjeta');


-- Menu cafeteria
INSERT INTO foods (id, food_stand_id, name, description, price, rating, image_url) VALUES
  (1, 1, 'Tacos mañaneros', 'Varios guisos', 11, NULL, "https://www.unileverfoodsolutions.com.mx/dam/global-ufs/mcos/NOLA/calcmenu/recipes/MX-recipes/general/Tacos-de-Discada/1260x700_TACOS_DISCADA.jpg"),
  (2, 1, 'Palomas de huevo (3)', 'En tortilla de harina, con aguacate, lechuga, tomate y crema', 45, NULL, "https://d36fw6y2wq3bat.cloudfront.net/recipes/tortilla-rellena-de-aguacate-y-mozzarella/300/tortilla-rellena-de-aguacate-y-mozzarella_version_1647057637.jpg"),
  (4, 1, 'Charola de frutas', 'Con limón y chile en polvo', 30, NULL, "https://tb-static.uber.com/prod/image-proc/processed_images/789789fbad43d2a16edb12f762910766/58f691da9eaef86b0b51f9b2c483fe63.jpeg"),
  (5, 1, 'Ensalda de pollo Buffalo o BQQ', 'Lechuga, zanahoria, arándanos, pollo empanizado, salsa y aderezo ranch', 65, NULL, "https://blog.pizcadesabor.com/wp-content/uploads/2013/01/buffalo-21.jpg"),
  (6, 1, 'Burripiza', 'Tortilla grande de harina rellena de queso, salsa de pizza y pepperoni, sellada a la plancha', 25, NULL, "https://images.rappi.com.mx/products/1646780021743_1646780016609.jpg"),
  (7, 1, 'Burripiza + Papas + Queso', 'Burripizza acompañada de papas a la francesa con queso fundido', 40, NULL, "https://img-global.cpcdn.com/recipes/7cb3e1242088d6d8/680x781cq80/burrito-de-pizza-foto-principal.jpg"),
  (8, 1, 'Tenders Buffalo, BQQ o Ranch', 'Cama de papas a la francesa, pollo empanizado bañado en salsa a elegir', 75, NULL, "https://saucegoddess.com/cdn/shop/articles/20250701181011-sweet-buffalo-tenders.jpg?v=1751395658&width=1100"),
  (9, 1, 'Café ameriacano', 'Café americano caliente preparado al momento', 23, NULL, "https://excelso77.com/wp-content/uploads/2024/05/por-que-el-cafe-americano-se-llama-asi-te-lo-contamos.webp"),
  (10, 1, 'Capuchino vainilla/moka', 'Café con leche espumada sabor vainilla o moka', 23, NULL, 'https://encrypted-tbn0.gstatic.com/images?q=tbn:ANd9GcT8MwJn_0Ie5oOI57x_RIFUBQtr7GfzeRPKQw&s'),
  (11, 1, 'Malteada de chocolate', 'Malteada cremosa sabor chocolate', 30, NULL, "https://encrypted-tbn0.gstatic.com/images?q=tbn:ANd9GcRvK8cBqiArNbudv3aUMhT-dkxQBmVC4Zlkrg&s"),
  (12, 1, 'Malteada de vainilla', 'Malteada cremosa con helado de vainilla', 30, NULL, "https://img.postershop.me/cdn-cgi/image/width=1024,format=webp/https://img.postershop.me/5168/Products/1569068_1680295387.7664_original.png"),
  (13, 1, 'Choco flan rabanada', 'Rebanada de pastel de chocolate con flan encima', 38, NULL, "https://cafedelaflor.com/images/productos/20240617120555pag.web_(73).jpg"),
  (14, 1, 'Pay Rebanada', 'Rebanada de pay de sabor del día', 38, NULL, "https://postreslatradicional.mx/wp-content/uploads/2024/06/pay.png"),
  (15, 1, 'Preparados', 'Bebidas preparadas con chamoy, jugos y botanas según disponibilidad', 35, NULL, "https://encrypted-tbn0.gstatic.com/images?q=tbn:ANd9GcTdyFxlcarRGVEw7kiFIEnw5wft48Q1yiDgOw&s"),
  (16, 1, 'Banderrilla con papas', 'Bandera de salchicha empanizada con papas a la francesa', 30, NULL, "data:image/jpeg;base64,/9j/4AAQSkZJRgABAQAAAQABAAD/2wCEAAkGBxITEhUTExMVFhUXGBgYGBcXGBcYFxodGBsYGhgdHRcdHSgiGBolGxcaITEhJSkrLi4uGB8zODMtNygtLisBCgoKDg0OGxAQGy0mICYtLS0vKzAtLS0tMi4tLS0tLS8tLS0tKy8tLS8tLS0tLS0tLS0tLS8tLS0tLS0tLS0tLf/AABEIAOAA4AMBIgACEQEDEQH/xAAbAAACAwEBAQAAAAAAAAAAAAAEBQIDBgEHAP/EADsQAAIBAgQEAwYEBgEFAQEAAAECEQADBBIhMQVBUWETInEGMoGRocFCsdHwFCNSYuHxkgcVcoKiFkP/xAAZAQACAwEAAAAAAAAAAAAAAAADBAABAgX/xAAsEQACAgEDAwMDAwUAAAAAAAAAAQIRAxIhMQQiQRNRYTJxgZHw8RRCodHh/9oADAMBAAIRAxEAPwDRrULZ39f0qRqu22nz/Ossha7Vlvayx7rwSfdHr1/fStHcaheIYfPbKjeNPXlWJq0U1aoyPs9xRsPfLgyumaBqR+L5b16PjMKuJUXrJGciSOTjqDyavLMVZKQDlzCDB6jQ/Oabez3tEcPo0m2TMAzl9KWdSWmXBjBllhmaNLpU5WBBHI7j4URbKnU689dY0jTpTO1jbOJQFgt1eTDRx8Rr8DQ13g9s+5eK/wBtxZ/+h+lJ5Oimt4bnZh1cJLu2F2JwSOpAJUyG06gz9qu8CB71Epwe7ye0R2f9RVw4M34rtsfEt9IoP9Pm40hPWxLfULmE1dgeDePlCqEtpp4kbDmqd+U8qb4bhthd5unvovy5/Gao477SLZGRIa5oAo2WdBP2G9NYuk0d2R/gVz9ZFLt/UWe3vFUt2VwdnTMBmA5KOXqfynrSDgmGhJiJ+2lC2rD370FpckyTrv8A4itla4cFUKOQAp2D1uzmwyarfgQXbNH+zeGm6TyA/P8AxNEXcJV+CteHZvPzII/5eUfmax1K7K99hrE+6/YyHFMTmd7lwLBYmSNCCZhvQc6T4wG2SqN5G8yGZE7xzHp3ArT38IHUqeelJ8XgwsBgcokNABBmdYj5isThpfwGhLUq8gOA4nJl1cNszAKQQd5HQiiMRezCd2AMgfiXvvI+tL8fwlSuVHcNrlI1DDUwef79a7wrGgTauQFjy3JAg/mOdYaVWjSbumTa0AUg5WSYVtJB1Klto6H0obFK6TkAKltRAI7gMDANaBwvhHKVuSoD22aDpsQ0QexoXBWyQUVCysJZVKh5HUbZu40I+kUvcjQouWkMgyJ1BMNH9rg/mKo8BEEeGA/cHKfj9hTe3w5WzDMy+oCuvZlO46EVRZ4DcykNduFegXMP+M5vpVpriyq+AEYUuJVxpumsj4bgdxNQGA0JadBO5IPy3PwFX3cNaRlRmDc1uKCrD15j40d/26CHLuUP/wDS00lf/JP9jvWiqAcDhLoIKFVkSCSdf/YbfOnQw+OBUFiubQGVKf8AI6z2MULdCefLeFxhEqMuW4NJKjkwG47HnEs/Zu8iElbmYRraZEYE9mYgT0mhyo3FGxcVRZ2/fWmN2zpNC+CQK6Rzwcmu5q69s6Vwoaogr4vwsXBmUeaPnWRxWEZIkCcuojXvp8a9FVDVeJ4atzcaxE8/9UKeO+CpRUuTzjD8RuWmLW2KgRMGR9d/lWhwftvcA/m2gw6qYPy/zUsV7J3QSVXOCeW49KV3uBuIzBx1BQiO+2tBqUQajOPG5oF9tcORrbuD/wBf81d/+qT8Np94loX71l34eFYDynvPTqJ0ohOHux8iyRyUaiftWfUl4I5Zk6ob4j2ivXGCg5VJjyekwXI00HKhsJgncsFEmcwjlIjQzvzk0x4b7K3WVcxCgGfMJ330nQ1suG8It2tUUZiIJ56VccU5vcnpSvvYDwLgy2lBIGfr/mmLW6Iv3VQayaDs8WtMSsMI3O9M9uNUHpy4KnsaVXiLM2QB+Jvov+TR9t1uA+GQdDHepPhiFUEbKPnuaE2smSKXCt/v9TaTjF2ZO7hGHLnR1v2ZZ1lrgUnllzfMyKbCxqKOxpyoI3O1H0oHbMNjvZLEIQyxcAM+XU/8TB+U1msRw5bb5z/LcHXOgZQf/E7fEV6OMVfU8j8Klfxtm8uTEWVYbagMB6HcfCgywxb22DRytc7nm7YE3PNFsk7PbAXX4c/j6Ust44WXl8xKnVXzAr946HvXo3/4rCNmOHcpmAlWOddNiD7wPeTSLi3CMVh/fteIg08QQV+PMfECgyxSXyg0ckZfcCt8QTEZjbdGbLojStz0/u7betV3XXIoS94YaZAYwYiQM3usOnfnVuGu4fNFxBbY7MAD8xzGvrVGN4X5/cW5a0IKyrLoJKtBLf8Ai4J1oITwFcGwyDyi9mBM5bqjL32Gn1phxHDLZ8wc2SQcvgElGIBIEASv0rPY32de6c3j3GtrsuTK4+A0PwivrfASBmGLZlkA+Q5k7subNE9Bp0q6XuS37FuHfDXTmNnzmZVlYsT2JBif2RTrCcNsW3D28E7HIDnTw0ZT6MdSNtBSbC8MxTMP5rEKfIUIDeskSAekU6x1lVQG6xzjlcLgN1HlKSfnU1PhMrT5NvdTyn0NQNgVbdHlPoakBXTOeCthRX38IKJNfGoQqXDCrlsiurUs1QhzJpXwFVDFAyAQSN+1QbEx0qk0+C2q5J3LYPIH4VzDjSqP4vWr8IZkfEVmUqRcVZdagCrUxIC6fE0Ous8tSI9O9Zb2p9pBaQpb1Y8+VLzztB44rLuP+0gtbZW61mMHcxF5c0lbRdi0c52G+w0rLYnEM7bkkn1JJ7VvsNZSxg3kQ0SSzazIAIHWBypHPJ+RzGlHgaXnWxaktDMBlykz321+VMODYy4VPm31QH3TpOs6iaxuBK3HViSQuvlYie2hnn9a1OCw6ujEeW6rFjMdIA9I0B5RSkZPHK48hMkU1T3+Q/DcbtFv5iFGGh/fKmjFbhzKQRpGu0VluP3lWwrkKGLAE6AnQye+sUt4ZxOdjlI6fpXTxda67hOXTXvE2z2vz+xoXF8NVtRoeo0NLMJ7SNs4DR86aWeN2GMFsp703HPjl5F3imvAv/7ZcUyD8Rof0NPeFuSvmOkGZ2gbz8KjcYFSVIbTSK+tW4UL139KKq5QNmFwPCbbvfuEMqDMyhdCBqRpzgQKTu90CGRG7Ms/6r0bA2gS7wIY6eg0Hziauv4RGEEClseNTuT99g88jjUUeT3C8hla4jgjRT5PhpKn51eOJ3DBuBnYaSwB07tEn5V6UnDLS7KKk+Ct/wBK/IUT+nizPrSPKsdeFxdFdX38pZV9ZEEEcuXau8F4Tf1yo5nWfdM+s6zXpp4VZ/oWibVpVEAAVfoRqietK7J3dv36VKq32+I/OpMaMBOjeuNUC9U3L1UQIzVQ97SqLl+hzcJFUQ4jed45rm+I0P0rhNcVodD3g/EEfnFWvbg0ti7cko/n9Q094xl+CrKZoiyWBkaR+VRC60zw2EHhO7DkY+FGkrTBxdMWcfxOW1OsaaDvv615p7RXGfzj3R+GNo/P1r0DjFxfBBmZGnwrzzGXCs7gTGug9NaQofiyr2VwytdDvML5oHOBoJ9ad8T4g7GCAOqhpA+/OqOHRaQQCHZhI1iF1n6n6ac6ZcQwVsr4jh9BBgGTMHb796SySuQ1FKKv2DbPCHsWvGDKx0IiToTvvJgETJ6054Ldy4I3Loks5gHUkF4TQDpypdewbJhw63wbWUkSNIbcE/4FNeG4MJZUljlgMpmRI5Hl+W9Dlab2BWmk7EvtjgkyeNLIwOUJEhs0EmfwiAflWVtXSsQa0Ht9cUmywJ8wYldNIyga+passHFFitjSe245w2K1E1eb4mZpGL0VfaxFEWxGrNBhuLFeZ+dNMJxu7duKiNvodJ05+lZAXK0fs0wt27uJP4RCjqeX1IFaU2uDDgmazB45MxQRAOWe40+VHuteT2cW6tIbWZ9TzraYHjZCK/vIRqvQ7GOmtNYOprtkLZsH9yH5qBqVi8roHQyD8x2NfAU/yJkQK6FroFdqyAznUfvka5cNTK6j99Kky1CALk0K7GmfhChbtqqZAWvoq0rX0VREV3U8p6jUfDWin1huoB+dVgc+VU4PHIyKCYKnLroe3pSmSSjmi/e0MQi5Y2l43DMNYLuFo32mxQtYdwOSkD1Old4RdQBjOsxNZH/qVxQIgQnTc/YUf1IuL0uwSi09zK4bjZHkbzITmXXYnv0P51DiF/NlUCMxkzvprSrwyVLVfg2W4yK0ygMHTtv8yPiKQm9mPwW6NFw/CWWK3L7ELJIAJBYid+YE7f6ptjeJi9etWmW4q7yQQ5gnKC2oI2/2YoJcU968mTImVSUDhskLp0jrHevrmMZ2gDMF3VYAUyQTHXYa0g7DS3lvsaLirLctsmdQIYEEBpIiN9uYoDFXEtWUUNnRjDIIhYEiJOm305URwvzqyBhcQEDLlhU1JyyBJcyMx2o/DPYQNZy+GujrmEidzqN4PesNW9zMJUroxvtbgLr+GLYylVXMsgROu512CzSa9hGEaDv/AIraqj3mNyAM/mHodtOtB8Sw6orMRMc+p6DvTcOKKb3tmUGHOgCyToBvM7U3w/s48DP5Cdjow5bwdDrt2NQweOtoyuyEs0i2mk5huZ1Agc/vWg4VirDO9u62mgGYka7jXSG1rGWcltE1Bp7i/F+zAFjxLbsXBMq0AMJgZf7hp66xyq/jlh7OEs2guhbM7cpE5V+rH4UYtxFcqhLIphJIaQDr6ajfpFNgtq+Mt0qVjSDr6z+E0KGV2lI1NaUedAN0o/C4wqpTuCO3X7Vdxbh/g3GtyTEQSImQD/igcMQXA3im0twbexufZS8ZKcmH1FPFpH7KWpYvyUH609iuph+hHNyfUfVw101yimCpd/3++VTaoJuf3yH61J9qhCB0oO81EXXoG4ZqmQ41dFcqGJu5UJykiOR2+utAz5PTg5G8cdUkgW/xLIzoyg6QPQwddfSrsNw1PDk6MNSRrHUTJDQBWaTCXbivfYgLvJ3MHLy26a1o+GXsotsSTmGYggagifyrgzbbuR1klFVEFtcQNthlIy9DMN+/hWZ9rLpvYlMw0Zh9I09dRTriBVcS1q3ZzW9PMX8gBgmJB0E9Z0ovH4AAhvKYjXSUkRz93SNR0o2LJLH2vhlSjDJuuTH8VskSoAieX3r72dwmpciRJQRqcxGhjoJqWPx9sFgDmP8AbMc5Go+onejMDiFW0jtCtIACmdOrdz07d6NllUTMFbH3FsPYFtch84LC4Y80Hr8dI70swXDyScqsrDXxM8qQORTdmHp89KdX71tkuZLeYswm5E7EFpaNPL17UmwmBdbqhsyi4wFuQCGBPmIIOkCTy2GmtKX7F8xp/wCR/wAGs+Bns5065iZXUkzGgkzJj40JxlhZts/jh3YQsCMx3gb6R3+VObWByvkugMDorxMyNjMwf80k46oTA5ZUgsCTpOrCIHIgmJFVFOUqkTUlwV2+KpatKNggOupIneOs7+tcfjNsKbp8ygDKNpmNevP10rMvioB1Gmp9NzRmCusqi8V8moEgnloYA69enpTku1GNrC4LEs66kFlyQYk7afn3q3H4UIxZLJQ5jmPnKM28rmkbSTEc6hwa4cU6Wl8iSxdhuRz15E6b9R0pre4muGuvYu3BcthQYMSoIXQrtuw5QZpWne4W34FuGW8crW2Xw92nJKCJ11Okg0x4RikLrowzayZhdTyOs7b0h4bfR3uBQxtm4GCNtBbyrOw15bDnWjw/CEXKLY1AiFJA0kek6aetXliltRnFK7cnz/Ar9usYxuouWMqe9IIcMdCI2AgjXWZ7Uj4RbOafhTX2zvE3UBUrFsRqDMk9D10+FF+yPDc9xRyGppvGtVAZOom24NhfDsKObamrzV7npt+lUNXXSpUc9u3ZGuV2uVZRTZ5+p/T7Vy41V2rmn761VduiqIRvPQxNSdqrFUQsFC4lHcsimIUt+g+dFW6X8evGAimGOx5D17Un1qvHd/8AQ/T/AF0KEOJuWPDtrKhsh1A2gjQkdd6YYXB31WbksApAhlMT5V2O2vOluFxGQgy7WySFaQFZtj3y6x8ta0GHRHyhgY1lMxM+us9dBXIq0dFvSV8FyG0Uu2yZJDMQRzMCe3KDVGMV8oIMLngHc6EkBuZFXYIfzHtq5ywRm1lQeo66x3o1sCFV0LSLg0JaIYbEdNYnXl8KErf4NqSjIwHtZbBxJhQGZVLge7nOpI7EQZ6k1dglUFi4PmMFhmKrptmiAW6+tC+1eG8O6lxkLaQWiQSpiCw0k6adBRfBca7q9sG2VcFzq4bMB7oCQDo0ZTprTj3in8GOLQ5vcVsgPbsKclxgxPm3jKYkGR5ev5U4scUzWxY8OWCxbIAgNllJPIyN6y1jgly3kV0iT7pAXbUDppBOlOsViHsnwlSLykGSCUIb8efQQY5mRFC3T5LyONVz/snY4vfthreIQFwQDE7RuSF3iPXTUUh9tXebRy+XKSIKmSNzlB31A/1TfEgeMqXZR7mshgfqD+41pDx0eHea0QAtoeWOYYSSflHwreGNzsxNKMduRFwzFFrZJI10IUEEH1JIiO1adv5ltckhAvmMkKDEKMn49+Z6aUp4bhA2ZvDLCcxBEjTuOh/M1pMHYVyBlYhkzAIRKFdD5NjHcc6vNNOWxqENMdy7Aq2HQPnlCR5G0YKRoynnMEkEc/WjcR7P4e4fHe6rFwDqFAM81Jkj6ikF3ioyqbi6JCFZnacxJIGum+nSKL4ViBMvqsQDABAPQH3Ynnp3of02ylb45LsRw62JALae6QJDCNuWzc/7aPucQFmxcuKJYdZIk6Ce0x8+9C4fjlmWss0HMxVYMwI58jvA6DuKTe19xEFpbbMMy5mtk6DYLuZ5HSpCLclf3KtNP3FT33vXcznMQI5D4QOWteoeyWA8OzmO7flXn/slw/xbijlNetKgAAGwECut0uPfUKdRP+0rNUmrWqo06KHK5UgKHu4jeI03Y+6P1qpSUVbLSb4FKXTA+FQd9f33qI2rlUUWcq6o2rlWIKosmgoXjNqbLxuY1ABPoJI39aMWk3EuIg4m3hw0SGWdxmIB1HP3YoPUOsboJhXehHZwrNZYbm0zBdIEauSe8n5Cnns+9tJz3RmdfeBAKxyE7766UG2GdGNo3NGJ1jKCQeY1/DPOqOIYdAwjeQPLqscyR6em9cSjqXao6mJeyvikeWTLakGDtGvTtM0VZ4mbrFiZSNANR94kyP8AVV8QsW5YXrpZAqmLcRmHmUaic0AFT9dKG4RwpmzuLYW3lH4paZ3/AKT3005VWmOl3yTW3NPah+VU2Ws5WJuo4yGNDlJEMwCnWIJ5iss1i8Lo8hzAgQusMNwTsQJ5SNJnatXcvm4v8OVXxVIyE+UQYk/KdKCXCE+IxuE3VBfwgoBMTAgHWYiY1qot8Iu0rvYnjMQbhVbtphdtggHNlEGDJ6j486Ha25svfS5cdwMgCEGAWgqFI1+EnTSgbvE7mJTUBIzKCjHnB8xB06xvryk084faa3hhFzMWBE5TmBInee3arfPcVVLtKLeDDkZLgzZAZfcMIkE6lYkcudYLE4l2uXC5Jd3IJ96YAXQAbaVrMZi3w1tsQiqWzBbgOxk6HSNQd9/vWIwCszBh/qR5t9dBPzpjp0owcjE9Tkos1nAFIW4ihSoBLcs3YRsJq7A4RywFkKo1DIuZoOpBzHUiTv8ADTWl6WsswSV2E9Z5x35dq0HsxwfP4j5yjKQFymRtzDTpMbUFc7chMlVYvu4Tw77WX8NmUDMYOXzrJ0MwdeVM+FcMssqXFQw+05h31UwRpH2pVwu3eeL2IY287FiSQWj+qAdBOmogQNqci1ctZVsuLiaEKAoIkwfMOpbpO9SaTZly2SQHbwVq3icVeYH+WpAEtliPMSRM+UxB00nfbGYp/EuwJ8xnU5iFOwJ5mIFa72m42y2vCyRdvBldSR5RoBqNyQT86RezOC8a8SNpgeg0H0FMYYurA2lub/2H4ZkQ3DudBWnJqvDWQiqo5D686kxrsY46Y0c+ctTsrbeqrrgb/DvXLt/fLGm5Ow/WgjcJJy69WOn+vSszyqPBqONvknfvTvt/SPuftSLiKPiH8KYUe+BoANwCescvnGxsuYtrreHh/wD3vnZQd/DU+8x/qOnrFNMFg1RQqCFHM6knmSdySdZ50o5Sm9uRhJQW4uArqj866BpX1sU8JkwtSSuVJd6ohDGYkWrbXD+EaevL99q84wnFimKW+0mC0+jAj6TPwrQe23ENrKnb3vX9/lWKbU0pmlboaxRpWejNbOZ0KK5Kli7iQAu+U9TP0oSxhbBw5uBR4oVgGzEa5hOkwZjpy3oDgd17thlLOsDw1ZdzEEanp+lF4VFXw1tgkqv8yZMEzrI+OnauS1pbQ5u0ijE4/KLlxELWAwCMQZEk/i3YTEDqtE8M4o1y3nzLbzN5EktqqiJJjeNNIlue9V4a5bDspSLT5TEuF305zEima8OSxeWAnhtLKdmEaaaFWImDsCG+d6lVUZUWpX5/dgNl70pck3HZipCxKltdisEaEZtpjlXfbPBEX5UvLKCxBAIkZRAjSfDB05jlT3jDA5TaQhv7QdQOkCh8VjAjK92GlNCCMpInykHT7a1iMt6X6huUnX4AOC2WFs22KHOJ1MQZ6de3609w9h1ttZhZbZu3p2+wpJg7CPZa4SwKmcsjLJaI2mPjRlvFuVZmtsYUGGOhHKDMkaVnubJNLwZH/qHillAxGdV8wBMGT5Tps2k+m/KqcBgV8KCwW4YjSNDue5g/CvuIcMIxOeTczK7GChIg8toH1260VheGuoW614hYnIFDMpgZc0aCZ60y5JQSTMpU3YYMTZsWzlKvLQtxjmgkSTtG8j4UPwy3cYs+HZlYwSAzKkqxGg2B0OmmwNV3bT3VkC5IAg+G4EQNZiCNYnSY561bwfDlLZESRmMMNJJkAdj17VnhWyrWrQmv4/IVawmRrbm06gAHMGZHABgSoMz9utPMa1uxDoPDXUlh5VObKxEHnJO1U3ybIss1zODoV9dTHOORnqNqhx/EXCUs21JQsq+ZT5RpmJMagCfWAOdZak2VDSuF9zJcZYuxv3GnPBtJzggeZum0geknSK23/T/heVc5H75VhOGqcTiAY8oOgGw6AdgNK9ew1s2bKhVk9K6vTw338CvUT2oNa5AkmgcViOs67KNSaFw+IusCWUIZPmO2XlA69q7bXcrp1uNqx9B0+nrW8mZt0gcMaW7I3TqA89ra7/E/v1oLGu1w+EI03A9xB3/qbtsOlA8Q4y2fwMIpa4feunYfHmfoKacI4e1tcrlWjWRIJnU5h1n59qF6c5BNcUFYLCqoAA077nuetDcRxzFvCte9+JuSj9a+4ljTPhWtXO55KOp71LCYMW0IHqzc2NGfZ2Q5B/V3S4BpriVwmuimBYnNRxOIFq29w8tvWK6Kzvtrjoi0OW/qd/32rEnSs3FW6MnxDEF2LHmaCirLhqBpFsdQ94Fjz4Rtf0vmBkxBBkQN9R/9U84Wb6rduWVVmKkFjlAUCDz3MTp/istwXDs4u5SAQoIBMTDCdeWk/On3DcY6aKYIg8ir7T5dfSk8q7hqG8NgrgWCV1uW7rDNA8ODMc/jrpRV/GuipZuhgQNwFY7EBtNvh2o7A3FxCksAbh8xuE5SDECInyjaCPXrQHEeFpqC4uXSQCGmADzDTIiOXWgOnyU27+Rna4qEtInmiRLAHKOY179O9DcStrdvW0hQQpKtJAYPqIXXKwynlvXMFeGFU50GQ5RIOZADodDqB60WrJbw928vmuFSAo2UDaOi8/lWY7v4Lfa9uf8AYnwPDr2Q5Li5W3BjUhpidtxSr2n9pr9pEQCSbbgGIkkiRrOqx9RSiz7RXbKi2pUqpmRzB6E7b0swbNibpdh5Lew3AnbTTpz7b0zjxU9T4I3bo0fs3w0i2HvXWnKSwOwG4lp02mB2q+1dFwN4ZyiR5TGs9Dy19dppcMVyDQCwENrptsBt+cirb2e2SLfntsY2IDa6axMSAfUCYqlByd/wVlyrFzv8eTUfxN5rTBkUeWGyNDqBBnlqBrpMTpS/g+e5OpMuBbZ/d2JMhYBPadahg+K3C1vKJBQAiCyc/TMR09KKsYUi8QVQOPMjD3CjQdAT5QJIjtvWHqimmD7JtVX3CEwSW78OSGXMQ24JMvmO+4U6E7Cl+CxNy+9245GvkXtprrzAJ0HY0d7UZ1sM4KkeRd9zJUKOpJYDSheG2Clr/wAVPSSdST6k6/GtYot7s3JrSW/9POFjQkaKJNa9eKG45QI0RP1iCeVR9ncF4VgdW1NfJwxhcNzxW1kRG89TXZUH6dLlnOc1rtlrLr5vMeg90frXfDJ96rESPnXQd61DComZZGypcOqmVUAnnFB8SxxWLdvW4fko6mreJY3JCrq5mB8tT2ofh+EiSTLHVmO9TJOu2PJIRvd8E+H4IIOpPvMdyaKxjZUY9qvUaUu49di03fStY8agipzcmBE1JKqLVNa0DCMPvPQT8v8ANec8fulrrHvXo1jn3BFefe0mGKMxI7/OhZeA2LkXWuG3HXOsH+2fN6weXprQptmSCCDzB3HworA44g706tG3eIFwaxAYaH58/Q/SkWOJCvg2JFq5mZM3lKgQNC0AHXaOtabiFq2q2gjANAzAeg37k/nSz/tcEqdeh2n9K5Zw4tG411SBHkAn03GpMRE7ebtQM3uFxDTh6qrrr55AA8yjWfxA/bnUsfZuWWQuwY3HIRVliSY8oWM3xPaoYO+64c2nRdhDg6ydfmJ50TauYizaVlZ3Bgf1lZ7nVZO0detLUtVGp29/3/gXY/EG8cjlrSL5SokamJ82/LbQ+s0baXKmU3fKANCCGYD8Q5uJOXTN6iocKwdrEqRduutwE6xlzZp6mG+PXQ07Xhj4d1uSHtxkCxGVQNAF1EacqI7UfsAjTdrz7nlPEuGG3cZY2Jgco5R2iiuCuqmW0B05R6/76VqvbTBq1q3fCBTmZXAjnJXUfiEH4T0FZRNFBOw5/H89qK5aooYx022NrGGW6HUMg0zBmkDmAD6zMVUli8pyC4r2rbDyBQV7AH3tex0g7b13h+IIBQKGzkb7acz1FTv27qnbyMVV5kDWcoEamJnTes45NbA+pxpq/sGG9duXAHuRl8wWRERmAAG+kak1bj/aG8LQyqYDZEBUmcwkeYSJG2XeBRXD7V4WnthhJhVkrO/lOo1Ek9eW1T4g/gYRPdYporAzJIIMNpMHt96y5pyt7mXjpaI7Cn+MZ/4bDEklWNy570AKPJ7wBBDZREcz61r+F4UMQp2JrMcEw7N/NYDMwG39I0Qesaz6DkK2/Bl1Hb/VN4o3JAp9saHLdO1VsfzqbmqM2n7711RE+/WoHnXT96i3OoQRWeEX/wCI8V7oy6yAJnoP7QO1PlWBXOlTBrKik7L1OqO0h9qLkKq9TTyazXHmz4hEHL9f8VJOotkirdFs61MH9/KqM1Tz1Ci+21B8XwK3lg6HkelWB9Kmrcqpq1RE6PPOJcEu2TOWV/qGo/xXMJerfXCRt8qXX+HWbh90K39uhPqOdLTwPwMwze4DgsXnGUtB5NR2M4eWssIzvK67FuRMbDnptQF3g7LsZHx/2KZcPxbDKXOts+bY5l11B5nkQPWks0HW4zCW9ooxCB7lu3aBDvGcEz0Ea7ajbtTjE3clw2oi1IzKNhOoExoJ5d6RDGD+Ie4uhOok7dY6f5pja455MhUtcdpuS2oXWD3AA9aS0hpXRbZw6XGuMT4ZGgWZDAbEzsew6Cl6cQuXCtu4rG2rHzx5NmIJaYjYAEDX6m8PveM+TIi65QzalsoBMxsIIqIxZw91rbqss3vA7zHIco1qk9PKKcdWyfAn9pVHhLBkhjJ5TGp78tf9Vl7d0FSDrO3Std7bLZS1NucsqTvMsSNJ1jUGshctAqGBpnGrga1NMd+ymCt3GKMxFyD4Y0ykkDnvuNv1ozBfzApygKpVT5gRm1JKgHSYj41lFxlucpMMNu/aetSt8cS2pgb6ba9x8jv3qPFJ+C9cebNvaCOlx85kZgq65fKNDB0OgpBxTGnF3LVhRlt218wGgAESB0nQabTSGzxm46kJ5VnfnOx09Otaj2c4dkUT77nM0/QfWfU1qONw5Bak90aThqdv0rTcMTRjSDD+UVouHoVtCdzJ+e32p3pl3CmZ7BDGqT9/1qbneoE/nT4qfE/nVbGpCuNUIdqVVmp1CHKzfEcDe/iBcRkGomdYGm4jnHrWiuaiBp36Up4bwTw7jXDdZy2kbD4661jIm40jUGk7YHO9czVH9aiDVmS6vpqqa+zVCFlw/l+lCHDl2CgSSYFEZqO4dayqbh3Oi/c/b4GoQX8cxgtIFWCwAE82PWl/8Zb8pujKJhoEzoYBI2ExUMTbLXyW2USPU19eshhB9fQ9aBkhri0FhJRkherl73kE6yBEkdB9NqNw6i2WZ0llGrCAe4I59ZpAQbbuGOuhB6Rz+VfNj25MSxmdemw6iZ+lciUHwdZU1Y94fxIJdKiJcQCSYUGPNtGu3wp1xG3buKjPkKqcoZNzEjXTXrFY5LxCJnEgNygH0zd/tTQ8SAw3hlYbNJJIJXWD0mdR86xON1RiEJKXwT422e04OsxoNBuMsj4A/COdZfF4BWUDUR0gVsLfDi1pTuTuJ6T8+dLcRw1zoFjudKYxLStislN0ZXDYNG86kmNNRG3wqT4BWMkT6xArTYDgVtB53LczHM9z/quYnEKDlQBQOg++5+NEcnewJRVbiO3hFUbfpW3wdqSOemp61muJqoutlgLIIHLzAH71q+EJltgt7x1/Ssvdmm6QywtkFgvUgR+f0rRsaR8JUsxeNFjXqSQPyn505b9a6HTRqNiOZ9xC6agaldb8qgRTIE+X7/Y18x3qKff9anUIc6VMjSo5avWye3zqEKCKmN6sNhu3zoW5fA61CmZia5mr41GaosmWrgNQLVxWqiFoO/r9qKt47yBTyoKf38KgG0NQhdeIahXtmvgdK+zVRdinjGDLiVnMNojUfHf/ADSTC4Ms2m8Aicy5hsTt9JrXXdf1plw7gXiCWYjuKXn06k7GIZ3GNIy1nC3D5cpYEj3eug589BWh4VwS7hLBxV1lDQFCEGTJ/FJ96IMa/StNw3g1u17sk9TqaQ+2nEc91bC+5aGvdj+gMepNVj6VQep/gk+plKOkKwvHMLeGW4nhtyZNI+npuKp4hwe9Gazlvp/aQr/8SYb4Ge1ZV7f7/fpV+E4hdtGUY6fv9zRJYoS8Ao5ZRA8bimBKkMrDdWBBHwNANd5k6c61mJ4815Qt1UaP61++sfSpYHg9pzm/hSR2YQfm1AfTPww66leUKbPCGvXgVE2jDAiNRppG4PLWttZ4IT7zx/aBP1mjMHhyoACrbX+ldT89h9aNtjT50WHSxX1bg552+CoWglsKNgR+YmvianivdPqPzFUXbiqNT1plJLZAG/c7lrrj9/KgLPGrTNlBPPlQPEMc7GAYH1+W1VaM6kM8VjFRSdPtSo8YzGNfhp/mh7Ik66nv8uf79KHcZSR+/v1/e9YcmCnNhdzHXRtHx1+9G2+L3GUHNGnQH97UkvYnp89vrAqzhzBjBbMAeW3pVJszFuxzYxV677rGOvL6b01wuHCgg+adyedV4N1IgCI5UTFESDxSR//Z"),
  (19, 2, 'YOGURT CON FRUTA', 'Yogurt natural con fruta picada de temporada', 40, NULL, "https://encrypted-tbn0.gstatic.com/images?q=tbn:ANd9GcQuQYyo02FjppjafBygigkgl9MnkYEU1uQUpQ&s"),
  (20, 2, 'CROISSANT', 'Croissant con jamón, queso y lechuga', 40, NULL, "https://encrypted-tbn0.gstatic.com/images?q=tbn:ANd9GcRpqnrOBiAU3UO_4euuzNzLP0zR8mE5PZpAxY6cvaPKCP98W8mwATeFI0hw3FEQcXHNWnQ-tGG_r07udL_QsRvLdk40Mf6d7NjCwvhtb4hh&s=10"),
  (21, 2, 'ENSALADA DE POLLO', 'Lechuga fresca con pollo a la plancha, tomate y aderezo', 40, NULL, "https://encrypted-tbn0.gstatic.com/images?q=tbn:ANd9GcR8iSceVbALrJWRL-KcCqFd_0xd7CC9CO-WArvfmZFjY3A5VyVVsjqgAnRww19knGkltMbxLTy0SDBjdagC7sbQQtB4_YEdv9fuboD6P5UG&s=10"),
  (22, 2, 'ENSALADA CESAR CON POLLO', 'Lechuga romana con pollo, crutones, parmesano y aderezo César', 50, NULL, "https://cdn5.recetasdeescandalo.com/wp-content/uploads/2016/06/Ensalada-cesar-con-pollo-y-su-salsa-casera.-Receta-e-ingredientes.jpg"),
  (23, 2, 'TOSTADAS', 'Tostadas con frijoles, lechuga, crema, queso y guiso a elegir', 15, NULL, "https://encrypted-tbn0.gstatic.com/images?q=tbn:ANd9GcQ1K6CoGcJlV9lUXjfoMd-rYKLKzPmTYp2pTwevuX99ISlG-h0LraYC09FjWx7UPIv-03C43r0FqRi1Z8IzIfX6CIgFWIL365fPtGm7LH3_&s=10"),
  (24, 2, 'CHILAQUILES ROJOS O VERDES', 'Totopos bañados en salsa roja o verde, con crema y queso', 50, NULL, "https://d2j9trpqxd6hrn.cloudfront.net/uploads/recipe/picture/1188/chilaquiles_2.webp"),
  (25, 2, 'Torta de pierna', 'Bolillo relleno de pierna adobada con vegetales', 70, NULL, "https://www.cocinadelirante.com/sites/default/files/images/2023/11/torta-de-pierna-de-cerdo.jpg"),
  (26, 2, 'Torta de pastor', 'Bolillo relleno de carne al pastor, cebolla y cilantro', 70, NULL, "https://encrypted-tbn0.gstatic.com/images?q=tbn:ANd9GcQlElnIR66enI-ufU5OjB3nJtxmCfNQTxOvqA&s"),
  (27, 2, 'Torta Chavo', 'Torta con jamón, queso, aguacate y vegetales', 70, NULL, "https://www.cardenasmarkets.com/wp-content/uploads/fly-images/2431/Torta-De-Jamon-1464x920-c.jpg"),
  (28, 2, 'Torta de Chilaquiles', 'Bolillo relleno de chilaquiles con crema y queso', 70, NULL, "https://www.recetasnestle.com.mx/sites/default/files/srh_recipes/4f1cd47f9ab9f877aabf7e5dadbbcd45.jpg"),
  (29, 2, 'Hamburguesa de res o pollo', 'Hamburguesa de res o pollo con lechuga, tomate y aderezo', 90, NULL, "https://www.cocinacaserayfacil.net/wp-content/uploads/2017/08/Hamburguesa-de-pollo-casera.jpg"),
  (30, 2, 'Molletes', 'Pan con frijoles, queso gratinado y pico de gallo', 40, NULL, "https://laroussecocina.mx/wp-content/uploads/2017/12/Molletes-001-Larousse-Cocina.jpg"),
  (31, 2, 'Mollepizza', 'Mollete con salsa de pizza y pepperoni gratinado', 50, NULL, "https://animalgourmet.com/wp-content/uploads/2021/09/WhatsApp-Image-2021-09-02-at-15.54.32-e1630617370967.jpeg"),
  (32, 2, 'Sincronizada', 'Tortillas de harina con jamón y queso fundido', 30, NULL, "https://cheforopeza.com.mx/wp-content/uploads/2022/02/sincronizada-a-la-parrilla.jpg"),
  (33, 2, 'Sincronizada con guiso', 'Sincronizada con jamón, queso y guiso a elegir', 50, NULL, "https://animalgourmet.com/wp-content/uploads/2020/07/quesadilla-3429962_1920.jpg"),
  (34, 2, 'Burrito de chicharron', 'Burrito de chicharrón en salsa', 35, NULL, "https://encrypted-tbn0.gstatic.com/images?q=tbn:ANd9GcTYWHstBgu85ecWySxVw9eMush2tAHL3TfOzw&s"),
  (66, 3, 'Chilaquiles verdes o rojos', 'Chilaquiles verdes o rojos con crema y queso', 55, NULL, "https://cdn7.kiwilimon.com/ss_secreto/3517/3517.jpg"),
  (67, 3, 'Chilaquiles verdes o rojos', 'Chilaquiles verdes o rojos con pollo', 70, NULL, "https://www.turimexico.com/wp-content/uploads/2016/05/Receta-Chilaquiles-Rojos-con-Pollo.jpg"),
  (68, 3, 'Chilaquiles verdes o rojos', 'Chilaquiles verdes o rojos con huevo', 70, NULL, "https://chilaquiles.org/wp-content/uploads/2018/05/15.-Chilaquiles-verdes-con-huevo-300x225.jpg"),
  (69, 3, 'Chilaquiles verdes o rojos', 'Chilaquiles verdes o rojos con chicharrón', 70, NULL, "https://encrypted-tbn0.gstatic.com/images?q=tbn:ANd9GcQxxz6cWxhvZbaM45AQ1MfCWyAqP1bdj2Qiwg&s"),
  (70, 3, 'Gorditas Harina o Maiz', 'Gorditas de maíz o harina con guisos variados', 20, NULL, "https://encrypted-tbn0.gstatic.com/images?q=tbn:ANd9GcSgZsWKK8734_mbqjR6kpW5HnWZaIwcNo2FLQ&s"),
  (71, 3, 'Burritos', 'Burritos con variedad de guisos', 35, NULL, "https://static01.nyt.com/images/2024/01/10/multimedia/AS-Burrito-vzhk/AS-Burrito-vzhk-mediumSquareAt3X.jpg"),
  (72, 3, 'Mollete', 'Mollete con frijoles y queso gratinado', 35, NULL, "https://rms-media-prod.generalmills.com/8e8508a9-013c-4241-acdb-9a25c37ebde7.jpg"),
  (73, 3, 'Sincronizada', 'Sincronizada con jamón y queso', 30, NULL, "https://encrypted-tbn0.gstatic.com/images?q=tbn:ANd9GcSr14fy_FaDf50CqwmvLfVx0X6rsw6ESWtmFHUvX50CN8-azBD9Qt5x6jBrJ7u1Smln6IRrVq_MmTb9vOHo25aPtEa4VwLdB5WLI_e_zb8&s=10"),
  (74, 3, 'Sincronizada con guiso', 'Sincronizada con guiso a elegir', 50, NULL, "https://www.vvsupremo.com/wp-content/uploads/2017/08/Cheeseburger-Quesadilla-900x570-sRGB.jpg"),
  (75, 3, 'Sandwich clásico', 'Sándwich clásico con jamón, queso y vegetales', 35, NULL, "https://ik.imagekit.io/smithfield/farmerjohn/3b1720e5-a9aa-0088-f165-1043ab81f774/0fc55263-efd0-4891-9576-b958a0ba1dbd/Classic-Club-Sandwich.jpeg?tr=w-1160,c-at_max,f-auto"),
  (76, 3, 'Sandwich con pollo', 'Sándwich con pollo a la plancha, lechuga y aderezo', 45, NULL, "https://www.recetasnestle.com.mx/sites/default/files/styles/recipe_detail_desktop_new/public/srh_recipes/845a0d6ffedf2fb1f500c021cc15d504.webp?itok=xrcm90Yj"),
  (77, 3, 'Huevos al gusto', 'Huevos al gusto con frijoles y tortillas', 65, NULL, "https://aloka-tu-antojo1.odoo.com/web/image/product.template/34/image_1024?unique=392b88d"),
  (78, 3, 'Omelette al gusto con ensalada o fruta', 'Omelette al gusto acompañado de ensalada o fruta', 65, NULL, "https://images.aws.nestle.recipes/original/6fd9f924a9037199272706a379ee5c84_rn_1200x600_naturisimo_omelette.jpg"),
  (79, 3, 'Avocado toast', 'Pan integral con aguacate y huevo estrellado o revuelto', 65, NULL, "https://www.allrecipes.com/thmb/8NccFzsaq0_OZPDKmf7Yee-aG78=/1500x0/filters:no_upscale():max_bytes(150000):strip_icc()/AvocadoToastwithEggFranceC4x3-bb87e3bbf1944657b7db35f1383fabdb.jpg"),
  (80, 3, 'Ensalada  César', 'Ensalada César con crutones, parmesano y aderezo', 70, NULL, "https://www.goodnes.com/sites/g/files/jgfbjl321/files/srh_recipes/755f697272cbcdc6e5df2adb44b1b705.jpg"),
  (81, 3, 'Ensalada César con pollo a la plancha', 'Ensalada César con pollo a la plancha', 85, NULL, "https://encrypted-tbn0.gstatic.com/images?q=tbn:ANd9GcR3r7RPa0GdORAOhXpUeLiyOI1GZ4PT3i3HJA&s"),
  (108, 4, 'Tacos Harina o Maiz', 'Tacos de harina o maíz con variedad de guisos', 15, NULL, "https://encrypted-tbn0.gstatic.com/images?q=tbn:ANd9GcRHn-UvWBfmxVuv3RWTWWvWArC-0k9O1pnMWA&s"),
  (109, 4, 'Tacos con queso Harina o Maiz', 'Tacos con queso en tortilla de harina o maíz', 20, NULL, "https://encrypted-tbn0.gstatic.com/images?q=tbn:ANd9GcSYIYoSn0wTkTb8m9OTMuY-Rm3Bm1v-sq0dUA&s"),
  (110, 4, 'Gorditas Maiz', 'Gorditas de maíz con variedad de guisos', 20, NULL,"https://tvazteca.brightspotcdn.com/dims4/default/057d56a/2147483647/strip/true/crop/1751x1080+84+0/resize/1200x740!/format/jpg/quality/90/?url=http%3A%2F%2Ftv-azteca-brightspot.s3.amazonaws.com%2F6f%2Fb4%2Fc441df0b40b0b4fe5bca7f8cd3ad%2Fgorditas-de-maiz-quebrado-en-toliman.jpg"),
  (111, 4, 'Gorditas Harina', 'Gorditas de harina con variedad de guisos', 25, NULL,  "https://encrypted-tbn0.gstatic.com/images?q=tbn:ANd9GcSFfqUbtUCgWLbP5wE9LKjYWxsPyGLeyj-PUg&s"),
  (112, 4, 'Burritos', 'Burritos con variedad de guisos como deshebrada, picadillo o bistec con queso', 50, NULL, "https://www.tasteofhome.com/wp-content/uploads/2025/02/Sausage-Breakfast-Burrito_EXPS_TOHD24_1760_ChristineMa_10.jpg"),
  (113, 4, 'Refresco', 'Refresco embotellado', 25, NULL, "https://res.cloudinary.com/riqra/image/upload/w_656,h_656,c_limit,q_auto,f_auto/v1754946291/sellers/10/m78796d7smbtyuyydhjm.jpg"),
  (114, 4, 'jugo', 'Jugo natural o procesado', 30, NULL, "https://www.mycolombianrecipes.com/wp-content/uploads/2009/04/Mango-Juice-Jugo-de-Mango.jpg"),
  (115, 4, 'Lata de refresco', 'Refresco en lata', 25, NULL, "https://carnemart.com/wp-content/uploads/2025/10/wp-image-5046.jpg");