-- Food stands
INSERT INTO food_stands (id, name, description, telephone, available) VALUES
  (1, 'LA K-FE', 'Cafetería LA K-FE', NULL, 1),
  (2, 'EL PUNTO', 'Cafetería EL PUNTO', NULL, 1),
  (3, 'LIMONETA', 'Cafetería LIMONETA', NULL, 1),
  (4, 'Rico Robles', 'Cafetería Rico Robles', NULL, 1);

-- Payment methods
INSERT INTO payment_methods (id, method) VALUES
  (1, 'Efectivo'),
  (2, 'Tarjeta');


-- Menu cafeteria
INSERT INTO foods (id, food_stand_id, name, description, price, rating, image_url) VALUES
  (1, 1, 'Tacos mañaneros', 'Varios guisos', 11, NULL, NULL),
  (2, 1, 'Palomas de huevo (3)', 'En tortilla de harina, con aguacate, lechuga, tomate y crema', 45, NULL, NULL),
  (3, 1, 'Palomas de milanesa (3)', 'En tortilla de harina, con aguacate, lechuga, tomate y crema', 50, NULL, NULL),
  (4, 1, 'Charola de frutas', 'Con limón y chile en polvo', 30, NULL, NULL),
  (5, 1, 'Ensalda de pollo Buffalo o BQQ', 'Lechuga, zanahoria, arándanos, pollo empanizado, salsa y aderezo ranch', 65, NULL, NULL),
  (6, 1, 'Burripiza', 'Tortilla grande de harina rellena de queso, salsa de pizza y pepperoni, sellada a la plancha', 25, NULL, NULL),
  (7, 1, 'Burripiza + Papas + Queso', 'Burripizza acompañada de papas a la francesa con queso fundido', 40, NULL, NULL),
  (8, 1, 'Tenders Buffalo, BQQ o Ranch', 'Cama de papas a la francesa, pollo empanizado bañado en salsa a elegir', 75, NULL, NULL),
  (9, 1, 'Café ameriacano', 'Café americano caliente preparado al momento', 23, NULL, NULL),
  (10, 1, 'Capuchino vainilla/moka', 'Café con leche espumada sabor vainilla o moka', 23, NULL, NULL),
  (11, 1, 'Malteada de chocolate', 'Malteada cremosa sabor chocolate', 30, NULL, NULL),
  (12, 1, 'Malteada de vainilla', 'Malteada cremosa con helado de vainilla', 30, NULL, NULL),
  (13, 1, 'Choco flan rabanada', 'Rebanada de pastel de chocolate con flan encima', 38, NULL, NULL),
  (14, 1, 'Pay Rebanada', 'Rebanada de pay de sabor del día', 38, NULL, NULL),
  (15, 1, 'Preparados', 'Bebidas preparadas con chamoy, jugos y botanas según disponibilidad', 35, NULL, NULL),
  (16, 1, 'Banderrilla con papas', 'Bandera de salchicha empanizada con papas a la francesa', 30, NULL, NULL),
  (17, 1, 'Brownie con nieve', 'Brownie caliente acompañado de helado de vainilla', 50, NULL, NULL),
  (18, 1, 'Charola de frutas loca', 'Charola de frutas con cacahuates, rielitos, limón, chamoy y chile en polvo', 50, NULL, NULL),
  (19, 2, 'YOGURT CON FRUTA', 'Yogurt natural con fruta picada de temporada', 40, NULL, NULL),
  (20, 2, 'CROISSANT', 'Croissant con jamón, queso y lechuga', 40, NULL, NULL),
  (21, 2, 'ENSALADA DE POLLO', 'Lechuga fresca con pollo a la plancha, tomate y aderezo', 40, NULL, NULL),
  (22, 2, 'ENSALADA CESAR CON POLLO', 'Lechuga romana con pollo, crutones, parmesano y aderezo César', 50, NULL, NULL),
  (23, 2, 'TOSTADAS', 'Tostadas con frijoles, lechuga, crema, queso y guiso a elegir', 15, NULL, NULL),
  (24, 2, 'CHILAQUILES ROJOS O VERDES', 'Totopos bañados en salsa roja o verde, con crema y queso', 50, NULL, NULL),
  (25, 2, 'Torta de pierna', 'Bolillo relleno de pierna adobada con vegetales', 70, NULL, NULL),
  (26, 2, 'Torta de pastor', 'Bolillo relleno de carne al pastor, cebolla y cilantro', 70, NULL, NULL),
  (27, 2, 'Torta Chavo', 'Torta con jamón, queso, aguacate y vegetales', 70, NULL, NULL),
  (28, 2, 'Torta de Chilaquiles', 'Bolillo relleno de chilaquiles con crema y queso', 70, NULL, NULL),
  (29, 2, 'Hamburguesa de res o pollo', 'Hamburguesa de res o pollo con lechuga, tomate y aderezo', 90, NULL, NULL),
  (30, 2, 'Molletes', 'Pan con frijoles, queso gratinado y pico de gallo', 40, NULL, NULL),
  (31, 2, 'Mollepizza', 'Mollete con salsa de pizza y pepperoni gratinado', 50, NULL, NULL),
  (32, 2, 'Sincronizada', 'Tortillas de harina con jamón y queso fundido', 30, NULL, NULL),
  (33, 2, 'Sincronizada con guiso', 'Sincronizada con jamón, queso y guiso a elegir', 50, NULL, NULL),
  (34, 2, 'Burrito de chicharron', 'Burrito de chicharrón en salsa', 35, NULL, NULL),
  (35, 2, 'Burrito de picadillo', 'Burrito de picadillo casero', 35, NULL, NULL),
  (36, 2, 'Burrito de deshebrada', 'Burrito de carne deshebrada guisada', 35, NULL, NULL),
  (37, 2, 'Burrido de discada', 'Burrito relleno de mezcla de carnes estilo discada', 35, NULL, NULL),
  (38, 2, 'Burrito de pastor', 'Burrito de carne al pastor con piña y salsa', 35, NULL, NULL),
  (39, 2, 'Burrido de queso con rajas', 'Burrito de queso fundido con rajas', 35, NULL, NULL),
  (40, 2, 'Burrito de frijoles con chorizo', 'Frijoles con chorizo dentro de tortilla grande', 35, NULL, NULL),
  (41, 2, 'Burrito de huevo con jamon o salsa', 'Huevo con jamón o con salsa roja/verde dentro de tortilla grande', 35, NULL, NULL),
  (42, 2, 'Volcanes', 'Volcanes crujientes con queso fundido (2 piezas)', 80, NULL, NULL),
  (43, 2, 'Pizza', 'Rebanada o porción de pizza de queso o pepperoni', 60, NULL, NULL),
  (44, 2, 'Pizza con boneless', 'Pizza acompañada de boneless bañados en salsa a elegir', 80, NULL, NULL),
  (45, 2, 'HotDog', 'Hot dog en pan suave con aderezos', 30, NULL, NULL),
  (46, 2, 'HotDog con papas', 'Hot dog con papas a la francesa', 45, NULL, NULL),
  (47, 2, 'Chili Dog', 'Hot dog con chili con carne y queso amarillo', 40, NULL, NULL),
  (48, 2, 'ChiliDog con papas', 'Chili dog con papas a la francesa', 50, NULL, NULL),
  (49, 2, 'Papas a la francesa', 'Papas a la francesa con queso o aderezo', 40, NULL, NULL),
  (50, 2, 'Dedos de queso con papas', 'Dedos de queso empanizados con papas a la francesa', 70, NULL, NULL),
  (51, 2, 'papas preparadas', 'Papas preparadas con elote, queso amarillo y crema', 50, NULL, NULL),
  (52, 2, 'Tender con papas', 'Tenders con papas y salsa a elegir', 70, NULL, NULL),
  (53, 2, 'Boneles con papas', 'Boneless con papas y salsa a elegir', 80, NULL, NULL),
  (54, 2, 'Boneles con papas y refresco', 'Boneless con papas y refresco, salsa a elegir', 100, NULL, NULL),
  (55, 2, 'Palomitas de pollo con papas', 'Palomitas de pollo con papas y salsa a elegir', 50, NULL, NULL),
  (56, 2, 'Tacos de pastor', 'Orden de 4 tacos de pastor', 50, NULL, NULL),
  (57, 2, 'Gorditas Harina o Maiz', 'Gorditas de harina o maíz con guisos variados', 20, NULL, NULL),
  (58, 2, 'Tacos de Harina o Maiz', 'Tacos de harina o maíz con variedad de guisos', 20, NULL, NULL),
  (59, 2, 'Brownie', 'Brownie de chocolate horneado', 35, NULL, NULL),
  (60, 2, 'Brownie con nieve de vainilla', 'Brownie caliente con nieve de vainilla', 50, NULL, NULL),
  (61, 2, 'Refresco', 'Refresco en presentación regular', 30, NULL, NULL),
  (62, 2, 'Fuza tea y jugo del valle', 'Fuze tea o jugo del Valle según disponibilidad', 25, NULL, NULL),
  (63, 2, 'Agua de sabor natural', 'Agua fresca de sabor del día', 35, NULL, NULL),
  (64, 2, 'Café', 'Café caliente preparado al momento', 25, NULL, NULL),
  (65, 2, 'Agua natural', 'Agua natural', 20, NULL, NULL),
  (66, 3, 'Chilaquiles verdes o rojos', 'Chilaquiles verdes o rojos con crema y queso', 55, NULL, NULL),
  (67, 3, 'Chilaquiles verdes o rojos', 'Chilaquiles verdes o rojos con pollo', 70, NULL, NULL),
  (68, 3, 'Chilaquiles verdes o rojos', 'Chilaquiles verdes o rojos con huevo', 70, NULL, NULL),
  (69, 3, 'Chilaquiles verdes o rojos', 'Chilaquiles verdes o rojos con chicharrón', 70, NULL, NULL),
  (70, 3, 'Gorditas Harina o Maiz', 'Gorditas de maíz o harina con guisos variados', 20, NULL, NULL),
  (71, 3, 'Burritos', 'Burritos con variedad de guisos', 35, NULL, NULL),
  (72, 3, 'Mollete', 'Mollete con frijoles y queso gratinado', 35, NULL, NULL),
  (73, 3, 'Sincronizada', 'Sincronizada con jamón y queso', 30, NULL, NULL),
  (74, 3, 'Sincronizada con guiso', 'Sincronizada con guiso a elegir', 50, NULL, NULL),
  (75, 3, 'Sandwich clásico', 'Sándwich clásico con jamón, queso y vegetales', 35, NULL, NULL),
  (76, 3, 'Sandwich con pollo', 'Sándwich con pollo a la plancha, lechuga y aderezo', 45, NULL, NULL),
  (77, 3, 'Huevos al gusto', 'Huevos al gusto con frijoles y tortillas', 65, NULL, NULL),
  (78, 3, 'Omelette al gusto con ensalada o fruta', 'Omelette al gusto acompañado de ensalada o fruta', 65, NULL, NULL),
  (79, 3, 'Avocado toast', 'Pan integral con aguacate y huevo estrellado o revuelto', 65, NULL, NULL),
  (80, 3, 'Ensalada  César', 'Ensalada César con crutones, parmesano y aderezo', 70, NULL, NULL),
  (81, 3, 'Ensalada César con pollo a la plancha', 'Ensalada César con pollo a la plancha', 85, NULL, NULL),
  (82, 3, 'Ensalada con pollo búfalo', 'Ensalada con pollo empanizado bañado en salsa búfalo', 85, NULL, NULL),
  (83, 3, 'Avena con frutos rojos', 'Avena caliente con frutos rojos', 55, NULL, NULL),
  (84, 3, 'Jugo verde', 'Jugo verde de vegetales y frutas frescas', 40, NULL, NULL),
  (85, 3, 'Licuado de fruta', 'Licuado de fruta natural con agua o leche', 40, NULL, NULL),
  (86, 3, 'Fruta de temporada con o sin yogurt', 'Fruta de temporada con o sin yogurt', 45, NULL, NULL),
  (87, 3, 'Smoothie de frutos rojos', 'Smoothie de frutos rojos', 45, NULL, NULL),
  (88, 3, 'Hamburguesa con papas', 'Hamburguesa con papas a la francesa', 90, NULL, NULL),
  (89, 3, 'Papas a la francesa', 'Papas fritas clásicas', 30, NULL, NULL),
  (90, 3, 'Papas a la francesa con queso, búfalo o ranch', 'Papas fritas con queso, búfalo o ranch', 50, NULL, NULL),
  (91, 3, 'Hot Dog estilo Costco', 'Hot dog estilo Costco', 70, NULL, NULL),
  (92, 3, 'Pizza individual', 'Pizza individual de queso o pepperoni', 60, NULL, NULL),
  (93, 3, 'Boneless con Papas', 'Boneless con papas', 85, NULL, NULL),
  (94, 3, 'Torta Clásica', 'Torta con jamón, queso y vegetales', 60, NULL, NULL),
  (95, 3, 'Torta de chilaquiles', 'Torta rellena de chilaquiles con crema y queso', 60, NULL, NULL),
  (96, 3, 'Flautitas en vaso', 'Flautas troceadas en vaso con crema y queso', 55, NULL, NULL),
  (97, 3, 'Enchiladas suizas', 'Enchiladas suizas gratinadas con salsa verde cremosa', 90, NULL, NULL),
  (98, 3, 'Tacos de sabanitas (4)', 'Orden de 4 tacos de sabanitas de res', 90, NULL, NULL),
  (99, 3, 'Pirata', 'Taco grande de harina con fajita y queso (Pirata)', 60, NULL, NULL),
  (100, 3, 'Pasta a la bolognesa', 'Pasta con salsa boloñesa de tomate con carne molida', 85, NULL, NULL),
  (101, 3, 'Pasta Alfredo con pollo', 'Pasta en salsa Alfredo con pollo', 85, NULL, NULL),
  (102, 3, 'Noodles con pollo Teriyaki', 'Noodles salteados con pollo en salsa teriyaki', 90, NULL, NULL),
  (103, 3, 'Panini', 'Panini prensado con queso y jamón o pollo', 65, NULL, NULL),
  (104, 3, 'Ensalada de Pollo', 'Ensalada de pollo con lechuga y aderezo', 55, NULL, NULL),
  (105, 3, 'Ensalada de coditos con atún', 'Ensalada de coditos con atún, zanahoria y mayonesa', 50, NULL, NULL),
  (106, 3, 'Gorditas de maíz', 'Gorditas de maíz con guisos variados', 18, NULL, NULL),
  (107, 3, 'Hamburguesa de pollo', 'Hamburguesa de pollo', 90, NULL, NULL),
  (108, 4, 'Tacos Harina o Maiz', 'Tacos de harina o maíz con variedad de guisos', 15, NULL, NULL),
  (109, 4, 'Tacos con queso Harina o Maiz', 'Tacos con queso en tortilla de harina o maíz', 20, NULL, NULL),
  (110, 4, 'Gorditas Maiz', 'Gorditas de maíz con variedad de guisos', 20, NULL, NULL),
  (111, 4, 'Gorditas Harina', 'Gorditas de harina con variedad de guisos', 25, NULL, NULL),
  (112, 4, 'Burritos', 'Burritos con variedad de guisos como deshebrada, picadillo o bistec con queso', 50, NULL, NULL),
  (113, 4, 'Refresco', 'Refresco embotellado', 25, NULL, NULL),
  (114, 4, 'jugo', 'Jugo natural o procesado', 30, NULL, NULL),
  (115, 4, 'Lata de refresco', 'Refresco en lata', 25, NULL, NULL),
  (116, 4, 'Tocotote de res', 'Taco grande de bistec con queso fundido', 70, NULL, NULL),
  (117, 4, 'Boneless', 'Boneless con papas y salsa a elegir', 80, NULL, NULL),
  (118, 4, 'Tacotote de pollo', 'Tacotote de pollo con queso y papas a la francesa', 70, NULL, NULL),
  (119, 4, 'Sanwich Italiano', 'Sándwich italiano con salami, jamón, queso y papas', 65, NULL, NULL),
  (120, 4, 'Club Sandwich', 'Club sándwich acompañado de papas a la francesa', 65, NULL, NULL),
  (121, 4, 'Platillo de 3 guisos', 'Platillo con tres guisos, frijoles y tortillas', 80, NULL, NULL),
  (122, 4, 'Chilaquiles con pollo', 'Chilaquiles con pollo, frijoles y tortillas', 80, NULL, NULL),
  (123, 4, 'Sincronizada', 'Sincronizada con queso y jamón asado', 40, NULL, NULL),
  (124, 4, 'Ensalda de atún con coditos', 'Ensalada de atún con coditos y aderezo', 50, NULL, NULL),
  (125, 4, 'Ensalada rusa', 'Ensalada rusa con pollo, papa, zanahoria y aderezo', 55, NULL, NULL),
  (126, 4, 'Ensalada Fit', 'Ensalada fit con pollo y vegetales', 60, NULL, NULL),
  (127, 4, 'Sandwich Tradicional', 'Sándwich tradicional con pan integral, queso y jamón', 30, NULL, NULL),
  (128, 4, 'Sanwick ligth', 'Sándwich light con queso panela, pollo y vegetales', 40, NULL, NULL),
  (129, 4, 'Sanwich de atún', 'Sándwich de atún con pan integral y vegetales', 30, NULL, NULL),
  (130, 4, 'Platillo de 3 guisos', 'Platillo de tres guisos con ensalada', 80, NULL, NULL),
  (131, 4, 'Sincronizada', 'Sincronizada con jamón de pavo y ensalada', 40, NULL, NULL),
  (132, 4, 'Emparedados Fit', 'Emparedados fit con aguacate, huevo chipotle y ceviche de nopal', 65, NULL, NULL),
  (133, 4, 'Jugo verde', 'Jugo verde con espinaca, piña, apio, nopal, perejil y pepino', 45, NULL, NULL),
  (134, 4, 'Smoothie', 'Smoothie de fresa, plátano o papaya con yogurt y leche light', 50, NULL, NULL),
  (135, 4, 'Agua de frutas', 'Agua fresca de jamaica, guayaba, pepino, tamarindo u horchata', 30, NULL, NULL),
  (136, 4, 'Botella de agua', 'Botella de agua natural', 25, NULL, NULL),
  (137, 4, 'Mix de fruta del día picada', 'Fruta picada del día', 40, NULL, NULL),
  (138, 4, 'Mix de pepino, jicama con chile y limon', 'Pepino y jícama con chile y limón', 40, NULL, NULL),
  (139, 4, 'Nachos con queso', 'Nachos con queso amarillo fundido', 40, NULL, NULL),
  (140, 4, 'Papa nachos', 'Papas fritas con queso y jalapeños estilo nachos', 55, NULL, NULL),
  (141, 4, 'Papas a la francesa', 'Papas fritas clásicas', 50, NULL, NULL),
  (142, 4, 'Café frio o caliente', 'Café frío o caliente', 30, NULL, NULL),
  (143, 4, 'Frapes', 'Frappes de sabores variados', 50, NULL, NULL),
  (144, 4, 'Galletas de avena con arandanos', 'Galletas de avena con arándanos', 30, NULL, NULL),
  (145, 4, 'Galletas de avena con pasas y nuez', 'Galletas de avena con pasas y nuez', 30, NULL, NULL),
  (146, 4, 'Galletas de zanahoria con nuez', 'Galletas de zanahoria con nuez', 30, NULL, NULL),
  (147, 4, 'Tartaleta de nuez', 'Tartaleta dulce rellena de nuez', 30, NULL, NULL),
  (148, 4, 'CupCake de zanahoria', 'Cupcake de zanahoria con betún', 30, NULL, NULL),
  (149, 4, 'Gelatina de frutas', 'Gelatina con frutas naturales', 40, NULL, NULL),
  (150, 4, 'Mousse de frutas naturales', 'Mousse ligero de frutas naturales', 40, NULL, NULL),
  (151, 4, 'Fresas con crema', 'Fresas frescas con crema dulce', 40, NULL, NULL),
  (152, 4, 'Fruta con yogurt', 'Fruta fresca con yogurt', 40, NULL, NULL);
